"Protein_change","res_id","Consurf_score","Phenotype"
"p.A3D",3,7,"Cancer"
"p.I5S",5,7,"Cancer"
"p.I5T",5,7,"Cancer"
"p.K6T",6,9,"Cancer"
"p.K6N",6,9,"Cancer"
"p.K6E",6,9,"Cancer"
"p.E7Q",7,5,"Cancer"
"p.I8V",8,5,"Cancer"
"p.S10I",10,9,"Cancer"
"p.S10C",10,9,"Cancer"
"p.S10R",10,9,"Cancer"
"p.S10N",10,9,"Cancer"
"p.R11I",11,8,"Cancer"
"p.R11K",11,8,"Cancer"
"p.K13T",13,9,"Cancer"
"p.K13N",13,9,"Cancer"
"p.R14S",14,8,"Cancer"
"p.R14M",14,8,"Cancer"
"p.R15G",15,9,"Cancer"
"p.Y16D",16,7,"Cancer"
"p.Q17P",17,5,"Cancer"
"p.D19N",19,7,"Cancer"
"p.D19E",19,7,"Cancer"
"p.G20R",20,7,"Cancer"
"p.G20E",20,7,"Cancer"
"p.F21S",21,8,"Cancer"
"p.D24A",24,9,"Cancer"
"p.D24Y",24,9,"Cancer"
"p.D24H",24,9,"Cancer"
"p.L25S",25,9,"Cancer"
"p.Y27N",27,9,"Cancer"
"p.Y27D",27,9,"Cancer"
"p.Y27H",27,9,"Cancer"
"p.I28T",28,8,"Cancer"
"p.I28N",28,8,"Cancer"
"p.P30Q",30,5,"Cancer"
"p.P30S",30,5,"Cancer"
"p.N31H",31,8,"Cancer"
"p.I32S",32,7,"Cancer"
"p.I33S",33,9,"Cancer"
"p.A34D",34,9,"Cancer"
"p.A34T",34,9,"Cancer"
"p.A34S",34,9,"Cancer"
"p.M35L",35,9,"Cancer"
"p.M35I",35,9,"Cancer"
"p.M35K",35,9,"Cancer"
"p.G36V",36,9,"Cancer"
"p.F37S",37,8,"Cancer"
"p.P38R",38,9,"Cancer"
"p.A39V",39,9,"Cancer"
"p.A39P",39,9,"Cancer"
"p.R41K",41,7,"Cancer"
"p.E43Q",43,9,"Cancer"
"p.E43A",43,9,"Cancer"
"p.V45A",45,5,"Cancer"
"p.Y46H",46,8,"Cancer"
"p.Y46D",46,8,"Cancer"
"p.R47M",47,9,"Cancer"
"p.R47S",47,9,"Cancer"
"p.N48I",48,9,"Cancer"
"p.N48Y",48,9,"Cancer"
"p.N49T",49,7,"Cancer"
"p.I50N",50,8,"Cancer"
"p.D52G",52,8,"Cancer"
"p.V53G",53,9,"Cancer"
"p.V53A",53,9,"Cancer"
"p.V54L",54,5,"Cancer"
"p.R55G",55,7,"Cancer"
"p.R55W",55,7,"Cancer"
"p.R55M",55,7,"Cancer"
"p.R55S",55,7,"Cancer"
"p.L57S",57,7,"Cancer"
"p.S59L",59,4,"Cancer"
"p.K60T",60,7,"Cancer"
"p.H61Q",61,9,"Cancer"
"p.H61L",61,9,"Cancer"
"p.K62I",62,4,"Cancer"
"p.K62T",62,4,"Cancer"
"p.K62R",62,4,"Cancer"
"p.N63Y",63,4,"Cancer"
"p.N63H",63,4,"Cancer"
"p.Y65N",65,9,"Cancer"
"p.Y65D",65,9,"Cancer"
"p.K66Q",66,7,"Cancer"
"p.K66E",66,7,"Cancer"
"p.K66N",66,7,"Cancer"
"p.K66T",66,7,"Cancer"
"p.I67V",67,7,"Cancer"
"p.I67L",67,7,"Cancer"
"p.I67R",67,7,"Cancer"
"p.N69I",69,9,"Cancer"
"p.N69T",69,9,"Cancer"
"p.L70I",70,9,"Cancer"
"p.L70F",70,9,"Cancer"
"p.L70H",70,9,"Cancer"
"p.L70P",70,9,"Cancer"
"p.C71S",71,9,"Cancer"
"p.A72V",72,8,"Cancer"
"p.E73K",73,9,"Cancer"
"p.E73V",73,9,"Cancer"
"p.R74I",74,8,"Cancer"
"p.T78N",78,3,"Cancer"
"p.A79S",79,4,"Cancer"
"p.F81C",81,9,"Cancer"
"p.F81L",81,9,"Cancer"
"p.N82T",82,5,"Cancer"
"p.V85A",85,9,"Cancer"
"p.V85F",85,9,"Cancer"
"p.A86P",86,6,"Cancer"
"p.A86V",86,6,"Cancer"
"p.Q87P",87,5,"Cancer"
"p.Y88N",88,5,"Cancer"
"p.P89T",89,6,"Cancer"
"p.F90L",90,9,"Cancer"
"p.F90S",90,9,"Cancer"
"p.E91Q",91,7,"Cancer"
"p.D92V",92,9,"Cancer"
"p.D92H",92,9,"Cancer"
"p.H93Q",93,9,"Cancer"
"p.N94Y",94,9,"Cancer"
"p.N94I",94,9,"Cancer"
"p.P95Q",95,8,"Cancer"
"p.P96S",96,9,"Cancer"
"p.P96T",96,9,"Cancer"
"p.P96A",96,9,"Cancer"
"p.Q97L",97,5,"Cancer"
"p.Q97R",97,5,"Cancer"
"p.L98P",98,6,"Cancer"
"p.E99K",99,5,"Cancer"
"p.L100F",100,5,"Cancer"
"p.I101M",101,8,"Cancer"
"p.P103L",103,4,"Cancer"
"p.P103S",103,4,"Cancer"
"p.F104V",104,8,"Cancer"
"p.C105W",105,7,"Cancer"
"p.C105R",105,7,"Cancer"
"p.E106G",106,4,"Cancer"
"p.D107N",107,7,"Cancer"
"p.D107H",107,7,"Cancer"
"p.L108R",108,7,"Cancer"
"p.L108H",108,7,"Cancer"
"p.D109Y",109,5,"Cancer"
"p.D109H",109,5,"Cancer"
"p.W111S",111,8,"Cancer"
"p.L112Q",112,8,"Cancer"
"p.L112P",112,8,"Cancer"
"p.S113T",113,5,"Cancer"
"p.D115N",115,7,"Cancer"
"p.H118D",118,9,"Cancer"
"p.H118L",118,9,"Cancer"
"p.V119A",119,8,"Cancer"
"p.V119D",119,8,"Cancer"
"p.A120T",120,8,"Cancer"
"p.A121T",121,8,"Cancer"
"p.A121P",121,8,"Cancer"
"p.A121E",121,8,"Cancer"
"p.I122N",122,8,"Cancer"
"p.I122M",122,8,"Cancer"
"p.H123R",123,9,"Cancer"
"p.H123D",123,9,"Cancer"
"p.H123N",123,9,"Cancer"
"p.H123L",123,9,"Cancer"
"p.C124S",124,9,"Cancer"
"p.C124R",124,9,"Cancer"
"p.C124W",124,9,"Cancer"
"p.C124F",124,9,"Cancer"
"p.K125T",125,9,"Cancer"
"p.A126D",126,9,"Cancer"
"p.G127A",127,9,"Cancer"
"p.K128Q",128,9,"Cancer"
"p.K128M",128,9,"Cancer"
"p.G129E",129,9,"Cancer"
"p.G129A",129,9,"Cancer"
"p.R130X",130,9,"Cancer"
"p.R130G",130,9,"Cancer"
"p.R130S",130,9,"Cancer"
"p.T131P",131,9,"Cancer"
"p.G132V",132,9,"Cancer"
"p.G132R",132,9,"Cancer"
"p.M134R",134,9,"Cancer"
"p.I135M",135,8,"Cancer"
"p.I135V",135,8,"Cancer"
"p.C136W",136,7,"Cancer"
"p.C136F",136,7,"Cancer"
"p.A137V",137,6,"Cancer"
"p.A137T",137,6,"Cancer"
"p.Y138D",138,7,"Cancer"
"p.Y138S",138,7,"Cancer"
"p.L139V",139,9,"Cancer"
"p.L140F",140,8,"Cancer"
"p.H141N",141,7,"Cancer"
"p.R142W",142,6,"Cancer"
"p.R142G",142,6,"Cancer"
"p.K144T",144,4,"Cancer"
"p.K144I",144,4,"Cancer"
"p.K144Q",144,4,"Cancer"
"p.F145I",145,5,"Cancer"
"p.F145C",145,5,"Cancer"
"p.L146V",146,1,"Cancer"
"p.A148E",148,8,"Cancer"
"p.A148S",148,8,"Cancer"
"p.Q149R",149,4,"Cancer"
"p.E150K",150,6,"Cancer"
"p.E150D",150,6,"Cancer"
"p.A151D",151,9,"Cancer"
"p.A151G",151,9,"Cancer"
"p.L152I",152,8,"Cancer"
"p.L152Q",152,8,"Cancer"
"p.L152R",152,8,"Cancer"
"p.L152V",152,8,"Cancer"
"p.D153Y",153,4,"Cancer"
"p.D153E",153,4,"Cancer"
"p.F154S",154,5,"Cancer"
"p.F154V",154,5,"Cancer"
"p.F154C",154,5,"Cancer"
"p.Y155S",155,9,"Cancer"
"p.G156W",156,7,"Cancer"
"p.G156V",156,7,"Cancer"
"p.G156E",156,7,"Cancer"
"p.E157K",157,5,"Cancer"
"p.R159C",159,9,"Cancer"
"p.T160S",160,9,"Cancer"
"p.T160A",160,9,"Cancer"
"p.R161G",161,5,"Cancer"
"p.R161S",161,5,"Cancer"
"p.R161K",161,5,"Cancer"
"p.R161I",161,5,"Cancer"
"p.D162G",162,7,"Cancer"
"p.D162N",162,7,"Cancer"
"p.D162V",162,7,"Cancer"
"p.D162Y",162,7,"Cancer"
"p.K164R",164,9,"Cancer"
"p.V166A",166,9,"Cancer"
"p.V166G",166,9,"Cancer"
"p.T167I",167,9,"Cancer"
"p.T167S",167,9,"Cancer"
"p.T167A",167,9,"Cancer"
"p.T167P",167,9,"Cancer"
"p.I168F",168,9,"Cancer"
"p.P169S",169,9,"Cancer"
"p.P169L",169,9,"Cancer"
"p.Q171R",171,9,"Cancer"
"p.Q171K",171,9,"Cancer"
"p.R172W",172,7,"Cancer"
"p.R173L",173,9,"Cancer"
"p.Y174D",174,9,"Cancer"
"p.V175A",175,9,"Cancer"
"p.Y176H",176,4,"Cancer"
"p.Y176F",176,4,"Cancer"
"p.Y177D",177,9,"Cancer"
"p.Y178N",178,7,"Cancer"
"p.S179I",179,6,"Cancer"
"p.L181P",181,6,"Cancer"
"p.L181Q",181,6,"Cancer"
"p.L181R",181,6,"Cancer"
"p.L182V",182,6,"Cancer"
"p.H185D",185,3,"Cancer"
"p.H185Y",185,3,"Cancer"
"p.D187Y",187,1,"Cancer"
"p.Y188S",188,5,"Cancer"
"p.R189K",189,4,"Cancer"
"p.A192T",192,4,"Cancer"
"p.F195S",195,6,"Cancer"
"p.H196Y",196,4,"Cancer"
"p.F200C",200,6,"Cancer"
"p.E201K",201,4,"Cancer"
"p.E201V",201,4,"Cancer"
"p.E201Q",201,4,"Cancer"
"p.P204S",204,6,"Cancer"
"p.P204R",204,6,"Cancer"
"p.P204T",204,6,"Cancer"
"p.P204Q",204,6,"Cancer"
"p.M205I",205,4,"Cancer"
"p.M205V",205,4,"Cancer"
"p.F206V",206,6,"Cancer"
"p.S207I",207,6,"Cancer"
"p.G208V",208,5,"Cancer"
"p.G209A",209,4,"Cancer"
"p.G209L",209,4,"Cancer"
"p.G209E",209,4,"Cancer"
"p.P213R",213,6,"Cancer"
"p.P213H",213,6,"Cancer"
"p.F215S",215,5,"Cancer"
"p.F215L",215,5,"Cancer"
"p.V217D",217,6,"Cancer"
"p.V217A",217,6,"Cancer"
"p.V217F",217,6,"Cancer"
"p.K221R",221,5,"Cancer"
"p.Y225D",225,4,"Cancer"
"p.Y225C",225,4,"Cancer"
"p.S226F",226,4,"Cancer"
"p.S226A",226,4,"Cancer"
"p.S227F",227,7,"Cancer"
"p.G230V",230,1,"Cancer"
"p.G230R",230,1,"Cancer"
"p.T232A",232,4,"Cancer"
"p.R233Q",233,5,"Cancer"
"p.R234L",234,4,"Cancer"
"p.R234Q",234,4,"Cancer"
"p.R234W",234,4,"Cancer"
"p.E235G",235,4,"Cancer"
"p.F243L",243,4,"Cancer"
"p.P244R",244,3,"Cancer"
"p.Q245E",245,4,"Cancer"
"p.Q245P",245,4,"Cancer"
"p.P246R",246,4,"Cancer"
"p.L247F",247,5,"Cancer"
"p.P248H",248,3,"Cancer"
"p.P248L",248,3,"Cancer"
"p.C250Y",250,4,"Cancer"
"p.G251C",251,7,"Cancer"
"p.D252Y",252,9,"Cancer"
"p.D252E",252,9,"Cancer"
"p.K254E",254,7,"Cancer"
"p.V255E",255,6,"Cancer"
"p.V255I",255,6,"Cancer"
"p.V255G",255,6,"Cancer"
"p.E256G",256,6,"Cancer"
"p.E256K",256,6,"Cancer"
"p.E256Q",256,6,"Cancer"
"p.F258L",258,4,"Cancer"
"p.F258Y",258,4,"Cancer"
"p.H259P",259,6,"Cancer"
"p.H259R",259,6,"Cancer"
"p.N262I",262,4,"Cancer"
"p.K263N",263,4,"Cancer"
"p.M264V",264,6,"Cancer"
"p.M264I",264,6,"Cancer"
"p.L265Q",265,4,"Cancer"
"p.D268E",268,5,"Cancer"
"p.D268Y",268,5,"Cancer"
"p.M270T",270,5,"Cancer"
"p.F271L",271,9,"Cancer"
"p.F271S",271,9,"Cancer"
"p.H272R",272,6,"Cancer"
"p.H272Y",272,6,"Cancer"
"p.H272Q",272,6,"Cancer"
"p.F273S",273,8,"Cancer"
"p.W274G",274,9,"Cancer"
"p.V275A",275,7,"Cancer"
"p.V275L",275,7,"Cancer"
"p.V275G",275,7,"Cancer"
"p.N276K",276,9,"Cancer"
"p.F279S",279,9,"Cancer"
"p.G282R",282,3,"Cancer"
"p.E284K",284,3,"Cancer"
"p.T286I",286,1,"Cancer"
"p.S287L",287,1,"Cancer"
"p.E291K",291,4,"Cancer"
"p.E291Q",291,4,"Cancer"
"p.G293R",293,6,"Cancer"
"p.L295V",295,1,"Cancer"
"p.C296G",296,1,"Cancer"
"p.E299V",299,1,"Cancer"
"p.I303N",303,1,"Cancer"
"p.C304F",304,1,"Cancer"
"p.C304G",304,1,"Cancer"
"p.E307K",307,1,"Cancer"
"p.D310N",310,3,"Cancer"
"p.Y315H",315,2,"Cancer"
"p.V317G",317,3,"Cancer"
"p.L318F",318,6,"Cancer"
"p.L320V",320,6,"Cancer"
"p.T321I",321,4,"Cancer"
"p.N323M",323,3,"Cancer"
"p.N323K",323,3,"Cancer"
"p.L325V",325,7,"Cancer"
"p.L325F",325,7,"Cancer"
"p.L325H",325,7,"Cancer"
"p.D326H",326,9,"Cancer"
"p.D326Y",326,9,"Cancer"
"p.A328V",328,8,"Cancer"
"p.K330I",330,9,"Cancer"
"p.K330N",330,9,"Cancer"
"p.D331H",331,9,"Cancer"
"p.D331G",331,9,"Cancer"
"p.A333T",333,6,"Cancer"
"p.N334D",334,7,"Cancer"
"p.R335P",335,8,"Cancer"
"p.R335G",335,8,"Cancer"
"p.Y336C",336,2,"Cancer"
"p.F337L",337,7,"Cancer"
"p.F337I",337,7,"Cancer"
"p.S338C",338,8,"Cancer"
"p.S338Y",338,8,"Cancer"
"p.P339L",339,5,"Cancer"
"p.F341V",341,9,"Cancer"
"p.F341L",341,9,"Cancer"
"p.F341Y",341,9,"Cancer"
"p.L345Q",345,5,"Cancer"
"p.L345M",345,5,"Cancer"
"p.T348R",348,5,"Cancer"
"p.T348I",348,5,"Cancer"
"p.P354L",354,1,"Cancer"
"p.P357S",357,3,"Cancer"
"p.P357Q",357,3,"Cancer"
"p.P357L",357,3,"Cancer"
"p.V365I",365,1,"Cancer"
"p.V369G",369,3,"Cancer"
"p.T382S",382,6,"Cancer"
"p.D384G",384,8,"Cancer"
"p.D384N",384,8,"Cancer"
"p.E388Q",388,7,"Cancer"
"p.E388K",388,7,"Cancer"
"p.E394K",394,4,"Cancer"
"p.T398S",398,2,"Cancer"
"p.D24G",24,9,"Cancer"
"p.D92A",92,9,"Cancer"
"p.L345V",345,5,"Cancer"
"p.M1I",1,9,"ASD"
"p.M1V",1,9,"ASD"
"p.K6I",6,9,"ASD"
"p.N12T",12,7,"ASD"
"p.N12E",12,7,"ASD"
"p.Q17E",17,5,"ASD"
"p.D22E",22,9,"ASD"
"p.L23F",23,9,"ASD"
"p.L23V",23,9,"ASD"
"p.D24N",24,9,"ASD"
"p.L25F",25,9,"ASD"
"p.P38H",38,9,"ASD"
"p.A39T",39,9,"ASD"
"p.E43K",43,9,"ASD"
"p.G44D",44,6,"ASD"
"p.N48K",48,9,"ASD"
"p.I50T",50,8,"ASD"
"p.Y65C",65,9,"ASD"
"p.Y68D",68,9,"ASD"
"p.L70V",70,9,"ASD"
"p.T78A",78,3,"ASD"
"p.H93D",93,9,"ASD"
"p.H93Y",93,9,"ASD"
"p.P95T",95,8,"ASD"
"p.P96Q",96,9,"ASD"
"p.I101T",101,8,"ASD"
"p.C105F",105,7,"ASD"
"p.D107G",107,7,"ASD"
"p.D107V",107,7,"ASD"
"p.H118P",118,9,"ASD"
"p.I122S",122,8,"ASD"
"p.H123Q",123,9,"ASD"
"p.A126V",126,9,"ASD"
"p.G127E",127,9,"ASD"
"p.K128E",128,9,"ASD"
"p.G129V",129,9,"ASD"
"p.V133I",133,8,"ASD"
"p.M134T",134,9,"ASD"
"p.H141R",141,7,"ASD"
"p.E150G",150,6,"ASD"
"p.Y155H",155,9,"ASD"
"p.E157G",157,5,"ASD"
"p.R159G",159,9,"ASD"
"p.T160I",160,9,"ASD"
"p.D162E",162,7,"ASD"
"p.K164N",164,9,"ASD"
"p.S170R",170,9,"ASD"
"p.S170T",170,9,"ASD"
"p.Q171E",171,9,"ASD"
"p.Y176C",176,4,"ASD"
"p.L182S",182,6,"ASD"
"p.Y188H",188,5,"ASD"
"p.F200S",200,6,"ASD"
"p.T202I",202,6,"ASD"
"p.P204A",204,6,"ASD"
"p.F206L",206,6,"ASD"
"p.C211W",211,4,"ASD"
"p.V217N",217,6,"ASD"
"p.L220V",220,3,"ASD"
"p.M239R",239,4,"ASD"
"p.M239T",239,4,"ASD"
"p.F241I",241,5,"ASD"
"p.F241L",241,5,"ASD"
"p.D252V",252,9,"ASD"
"p.K254T",254,7,"ASD"
"p.K267N",267,7,"ASD"
"p.M270K",270,5,"ASD"
"p.M270V",270,5,"ASD"
"p.W274L",274,9,"ASD"
"p.N276S",276,9,"ASD"
"p.E288K",288,1,"ASD"
"p.S294R",294,2,"ASD"
"p.L320S",320,6,"ASD"
"p.D326N",326,9,"ASD"
"p.D326V",326,9,"ASD"
"p.R335Q",335,8,"ASD"
"p.R335L",335,8,"ASD"
"p.V343E",343,8,"ASD"
"p.Y68H",68,9,"ASD"
"p.K13E",13,9,"ASD_Cancer"
"p.R14G",14,8,"ASD_Cancer"
"p.R15I",15,9,"ASD_Cancer"
"p.T26P",26,7,"ASD_Cancer"
"p.Y27C",27,9,"ASD_Cancer"
"p.A34V",34,9,"ASD_Cancer"
"p.M35V",35,9,"ASD_Cancer"
"p.G36R",36,9,"ASD_Cancer"
"p.H61R",61,9,"ASD_Cancer"
"p.H61Y",61,9,"ASD_Cancer"
"p.Y68N",68,9,"ASD_Cancer"
"p.Y68C",68,9,"ASD_Cancer"
"p.A79T",79,4,"ASD_Cancer"
"p.Y88C",88,5,"ASD_Cancer"
"p.P89S",89,6,"ASD_Cancer"
"p.D92N",92,9,"ASD_Cancer"
"p.H93R",93,9,"ASD_Cancer"
"p.I101S",101,8,"ASD_Cancer"
"p.W111R",111,8,"ASD_Cancer"
"p.K125E",125,9,"ASD_Cancer"
"p.G129R",129,9,"ASD_Cancer"
"p.R130Q",130,9,"ASD_Cancer"
"p.R130L",130,9,"ASD_Cancer"
"p.R130P",130,9,"ASD_Cancer"
"p.T131N",131,9,"ASD_Cancer"
"p.T131I",131,9,"ASD_Cancer"
"p.G132A",132,9,"ASD_Cancer"
"p.G132D",132,9,"ASD_Cancer"
"p.M134I",134,9,"ASD_Cancer"
"p.M134L",134,9,"ASD_Cancer"
"p.I135R",135,8,"ASD_Cancer"
"p.I135K",135,8,"ASD_Cancer"
"p.C136R",136,7,"ASD_Cancer"
"p.L139F",139,9,"ASD_Cancer"
"p.E150Q",150,6,"ASD_Cancer"
"p.Y155N",155,9,"ASD_Cancer"
"p.Y155C",155,9,"ASD_Cancer"
"p.G165V",165,9,"ASD_Cancer"
"p.T167N",167,9,"ASD_Cancer"
"p.S170I",170,9,"ASD_Cancer"
"p.R173H",173,9,"ASD_Cancer"
"p.R173C",173,9,"ASD_Cancer"
"p.Y177H",177,9,"ASD_Cancer"
"p.F241S",241,5,"ASD_Cancer"
"p.P246L",246,4,"ASD_Cancer"
"p.L247S",247,5,"ASD_Cancer"
"p.D252G",252,9,"ASD_Cancer"
"p.V255A",255,6,"ASD_Cancer"
"p.T277I",277,9,"ASD_Cancer"
"p.Q298E",298,1,"ASD_Cancer"
"p.S305N",305,1,"ASD_Cancer"
"p.L316P",316,3,"ASD_Cancer"
"p.P354Q",354,1,"ASD_Cancer"
