residue,entropy,disease
5,8.79E-01,Cancer
6,5.98E-01,Cancer
10,1.10E-01,Cancer
11,6.95E-01,Cancer
13,6.31E-01,Cancer
15,0.00E+00,Cancer
16,6.24E-01,Cancer
19,9.44E-01,Cancer
20,6.97E-01,Cancer
21,4.44E-01,Cancer
24,0.00E+00,Cancer
25,0.00E+00,Cancer
27,1.13E-01,Cancer
28,1.08E-01,Cancer
30,9.04E-01,Cancer
32,7.08E-01,Cancer
33,4.24E-01,Cancer
34,1.07E-01,Cancer
35,1.05E-01,Cancer
36,1.05E-01,Cancer
37,7.22E-01,Cancer
38,1.05E-01,Cancer
39,5.48E-01,Cancer
43,0.00E+00,Cancer
46,3.44E-01,Cancer
47,1.05E-01,Cancer
48,0.00E+00,Cancer
50,8.32E-01,Cancer
52,9.17E-01,Cancer
53,1.79E-01,Cancer
55,9.32E-01,Cancer
57,4.85E-01,Cancer
61,0.00E+00,Cancer
65,0.00E+00,Cancer
66,6.84E-01,Cancer
67,6.01E-01,Cancer
69,0.00E+00,Cancer
70,0.00E+00,Cancer
71,1.03E-01,Cancer
73,1.76E-01,Cancer
74,2.05E-01,Cancer
81,1.01E-01,Cancer
85,0.00E+00,Cancer
88,7.14E-01,Cancer
89,6.76E-01,Cancer
90,3.45E-01,Cancer
92,0.00E+00,Cancer
93,0.00E+00,Cancer
94,9.24E-01,Cancer
95,2.87E-01,Cancer
96,0.00E+00,Cancer
99,6.41E-01,Cancer
100,7.00E-01,Cancer
101,3.86E-01,Cancer
104,2.02E-01,Cancer
105,0.00E+00,Cancer
107,5.32E-01,Cancer
108,8.58E-01,Cancer
109,9.98E-01,Cancer
111,2.74E-01,Cancer
112,1.01E-01,Cancer
115,8.46E-01,Cancer
118,7.23E-01,Cancer
119,3.34E-01,Cancer
120,6.45E-01,Cancer
121,6.01E-01,Cancer
122,6.85E-01,Cancer
123,0.00E+00,Cancer
124,0.00E+00,Cancer
125,0.00E+00,Cancer
126,1.01E-01,Cancer
127,1.01E-01,Cancer
128,0.00E+00,Cancer
129,0.00E+00,Cancer
130,0.00E+00,Cancer
131,0.00E+00,Cancer
132,0.00E+00,Cancer
134,1.01E-01,Cancer
135,4.51E-01,Cancer
136,2.74E-01,Cancer
137,8.65E-01,Cancer
138,1.01E-01,Cancer
139,3.77E-01,Cancer
140,2.74E-01,Cancer
141,7.29E-01,Cancer
148,8.36E-01,Cancer
151,2.74E-01,Cancer
152,4.02E-01,Cancer
155,0.00E+00,Cancer
156,7.35E-01,Cancer
159,0.00E+00,Cancer
160,1.73E-01,Cancer
162,5.38E-01,Cancer
164,2.74E-01,Cancer
165,1.01E-01,Cancer
166,1.01E-01,Cancer
167,0.00E+00,Cancer
168,1.01E-01,Cancer
169,2.02E-01,Cancer
170,1.01E-01,Cancer
171,1.01E-01,Cancer
172,6.31E-01,Cancer
173,1.01E-01,Cancer
174,1.01E-01,Cancer
175,1.73E-01,Cancer
177,0.00E+00,Cancer
178,4.83E-01,Cancer
181,6.70E-01,Cancer
188,2.74E-01,Cancer
204,4.73E-01,Cancer
209,9.08E-01,Cancer
217,8.38E-01,Cancer
227,9.81E-01,Cancer
251,1.01E-01,Cancer
252,0.00E+00,Cancer
254,7.12E-01,Cancer
255,9.53E-01,Cancer
256,9.60E-01,Cancer
271,2.87E-01,Cancer
272,5.79E-01,Cancer
273,3.73E-01,Cancer
274,0.00E+00,Cancer
276,1.01E-01,Cancer
279,1.73E-01,Cancer
293,9.33E-01,Cancer
320,8.59E-01,Cancer
325,5.79E-01,Cancer
326,0.00E+00,Cancer
328,5.32E-01,Cancer
330,1.01E-01,Cancer
331,1.73E-01,Cancer
335,8.17E-01,Cancer
337,8.25E-01,Cancer
338,6.98E-01,Cancer
341,1.01E-01,Cancer
382,9.93E-01,Cancer
384,5.18E-01,Cancer
388,6.60E-01,Cancer
394,6.90E-01,Cancer
1,0.00E+00,ASD
6,5.98E-01,ASD
13,6.31E-01,ASD
15,0.00E+00,ASD
22,6.31E-01,ASD
23,0.00E+00,ASD
24,0.00E+00,ASD
25,0.00E+00,ASD
26,9.11E-01,ASD
27,1.13E-01,ASD
34,1.07E-01,ASD
35,1.05E-01,ASD
36,1.05E-01,ASD
38,1.05E-01,ASD
39,5.48E-01,ASD
43,0.00E+00,ASD
44,6.89E-01,ASD
48,0.00E+00,ASD
50,8.32E-01,ASD
61,0.00E+00,ASD
65,0.00E+00,ASD
68,1.07E-01,ASD
70,0.00E+00,ASD
88,7.14E-01,ASD
89,6.76E-01,ASD
92,0.00E+00,ASD
93,0.00E+00,ASD
95,2.87E-01,ASD
96,0.00E+00,ASD
101,3.86E-01,ASD
105,0.00E+00,ASD
107,5.32E-01,ASD
111,2.74E-01,ASD
118,7.23E-01,ASD
122,6.85E-01,ASD
123,0.00E+00,ASD
125,0.00E+00,ASD
126,1.01E-01,ASD
127,1.01E-01,ASD
128,0.00E+00,ASD
129,0.00E+00,ASD
130,0.00E+00,ASD
131,0.00E+00,ASD
132,0.00E+00,ASD
133,6.98E-01,ASD
134,1.01E-01,ASD
135,4.51E-01,ASD
136,2.74E-01,ASD
139,3.77E-01,ASD
141,7.29E-01,ASD
155,0.00E+00,ASD
159,0.00E+00,ASD
160,1.73E-01,ASD
162,5.38E-01,ASD
164,2.74E-01,ASD
165,1.01E-01,ASD
167,0.00E+00,ASD
170,1.01E-01,ASD
171,1.01E-01,ASD
173,1.01E-01,ASD
177,0.00E+00,ASD
188,2.74E-01,ASD
204,4.73E-01,ASD
217,8.38E-01,ASD
252,0.00E+00,ASD
254,7.12E-01,ASD
255,9.53E-01,ASD
267,7.39E-01,ASD
274,0.00E+00,ASD
276,1.01E-01,ASD
277,0.00E+00,ASD
320,8.59E-01,ASD
326,0.00E+00,ASD
335,8.17E-01,ASD
343,7.10E-01,ASD
13,6.31E-01,ASD_Cancer
15,0.00E+00,ASD_Cancer
26,9.11E-01,ASD_Cancer
27,1.13E-01,ASD_Cancer
34,1.07E-01,ASD_Cancer
36,1.05E-01,ASD_Cancer
61,0.00E+00,ASD_Cancer
68,1.07E-01,ASD_Cancer
88,7.14E-01,ASD_Cancer
89,6.76E-01,ASD_Cancer
92,0.00E+00,ASD_Cancer
93,0.00E+00,ASD_Cancer
101,3.86E-01,ASD_Cancer
111,2.74E-01,ASD_Cancer
125,0.00E+00,ASD_Cancer
129,0.00E+00,ASD_Cancer
131,0.00E+00,ASD_Cancer
132,0.00E+00,ASD_Cancer
134,1.01E-01,ASD_Cancer
135,4.51E-01,ASD_Cancer
139,3.77E-01,ASD_Cancer
155,0.00E+00,ASD_Cancer
165,1.01E-01,ASD_Cancer
167,0.00E+00,ASD_Cancer
173,1.01E-01,ASD_Cancer
177,0.00E+00,ASD_Cancer
252,0.00E+00,ASD_Cancer
255,9.53E-01,ASD_Cancer
277,0.00E+00,ASD_Cancer
56,1.82E-01,Control
77,3.39E-01,Control
123,0.00E+00,Control
128,0.00E+00,Control
131,0.00E+00,Control
139,3.77E-01,Control
171,1.01E-01,Control
