Cancer,ASD,Cancer_ASD
p.V255E,p.A126V,p.A34V
p.V85A,p.A34V,p.R14Z
p.R234L,p.A39T,p.R15S
p.Q171R,p.A79T,p.R173H
p.D331H,p.R130Q,p.D252Z
p.A328V,p.R130L,p.D92N
p.H61Q,p.R130P,p.E150Q
p.M264V,p.R14G,p.Z129R
p.D384G,p.R159G,p.Z132A
p.S179I,p.R15I,p.Z132D
p.P103L,p.R15S,p.Z165V
p.Y65N,p.R173C,p.Z36R
p.P103S,p.R173H,p.H61R
p.T398S,p.R335Q,p.H61Y
p.I50N,p.R335L,p.H93R
p.N334D,p.N12T,p.I101S
p.S207I,p.N276S,p.I135R
p.K66Q,p.N48K,p.L139F
p.L325V,p.D107G,p.L247S
p.F243L,p.D107V,p.L316P
p.D384N,p.D162E,p.K125E
p.Q298E,p.D22E,p.K13E
p.L247F,p.D24N,p.M134I
p.L320V,p.D252G,p.M134L
p.Y176H,p.D252V,p.F241S
p.G129R,p.D326N,p.P89S
p.T321I,p.D326V,p.T131N
p.R172W,p.D92N,p.T131I
p.G20R,p.C105F,p.T167N
p.C105W,p.C136R,p.T26P
p.F37S,p.C211W,p.T277I
p.R130X,p.Q171E,p.W111R
p.D19N,p.Q17E,p.Y155N
p.P248H,p.Q298E,p.Y155C
p.N94Y,p.E150Q,p.Y177H
p.K144T,p.E150G,p.Y27C
p.K13T,p.E157Q,p.Y68N
p.Q87P,p.E157G,p.Y68C
p.P30Q,p.E288K,p.Y68H
p.E106G,p.E43K,p.Y88C
p.K128Q,p.G127E,p.V255A
p.E43Q,p.G129R,
p.F104V,p.G129V,
p.K254E,p.G132A,
p.R161G,p.G132D,
p.T131P,p.G165V,
p.D24A,p.G36R,
p.G209A,p.G44D,
p.I135M,p.H118P,
p.E43A,p.H123Q,
p.V119A,p.H141R,
p.Y336C,p.H61R,
p.Q149R,p.H61Y,
p.G36V,p.H93R,
p.F206V,p.H93D,
p.V365I,p.H93Y,
p.L152I,p.I101S,
p.D107N,p.I101T,
p.S338C,p.I122S,
p.E256G,p.I135R,
p.G36R,p.I135K,
p.P354Q,p.I50T,
p.A148E,p.L139F,
p.P357S,p.L182S,
p.F337L,p.L220V,
p.R130G,p.L23F,
p.E150K,p.L23V,
p.Y88N,p.L247S,
p.W274G,p.L25F,
p.M35L,p.L316P,
p.I135V,p.L320S,
p.D115N,p.L70V,
p.S59L,p.K125E,
p.R130Q,p.K128E,
p.R173C,p.N12E,
p.L25S,p.K13E,
p.S170I,p.K164N,
p.K13N,p.K254T,
p.C136W,p.K267N,
p.R130P,p.K6I,
p.R234Q,p.M134I,
p.K6T,p.M134L,
p.E307K,p.M134T,
p.I122N,p.M1I,
p.G293R,p.M1V,
p.D162G,p.M239R,
p.G20E,p.M239T,
p.V217D,p.M270K,
p.R130L,p.M270V,
p.S305N,p.M35V,
p.R142W,p.F200S,
p.D252G,p.F206L,
p.N323M,p.F241I,
p.G132V,p.F241L,
p.C136R,p.F241S,
p.G129E,p.P204A,
p.L70I,p.P246L,
p.G132D,p.P354Q,
p.L100F,p.P38H,
p.F154S,p.P89S,
p.C296G,p.P95T,
p.Q171K,p.P96Q,
p.Y65D,p.S170R,
p.A121T,p.S170I,
p.L112Q,p.S170T,
p.C124S,p.S294R,
p.D52G,p.S305N,
p.K66E,p.T131N,
p.V166A,p.T131I,
p.V119D,p.T160I,
p.A79T,p.T167N,
p.D24Y,p.T202I,
p.F341V,p.T26P,
p.H196Y,p.T277I,
p.F273S,p.T78A,
p.R47M,p.W111R,
p.F341L,p.W274L,
p.A126D,p.Y155N,
p.L112P,p.Y155C,
p.H259P,p.Y155H,
p.H123R,p.Y176C,
p.Y178N,p.Y177H,
p.V317G,p.Y188H,
p.R11I,p.Y27C,
p.D24H,p.Y65C,
p.L295V,p.Y68N,
p.L318F,p.Y68D,
p.Q245E,p.Y68C,
p.D92V,p.Y68H,
p.G251C,p.Y88C,
p.L182V,p.V133I,
p.P339L,p.V217N,
p.L108R,p.V255A,
p.T232A,p.V343E,
p.P96S,,
p.K66N,,
p.R15I,,
p.M35V,,
p.A137V,,
p.R55G,,
p.K6N,,
p.G230V,,
p.T167I,,
p.A192T,,
p.F145I,,
p.F215S,,
p.G156W,,
p.Q97L,,
p.R74I,,
p.P248L,,
p.K330I,,
p.D92H,,
p.A34D,,
p.E201K,,
p.A39V,,
p.L325F,,
p.R234W,,
p.H272R,,
p.Y46H,,
p.M35I,,
p.L57S,,
p.S10I,,
p.P204S,,
p.M270T,,
p.K60T,,
p.F341Y,,
p.H272Y,,
p.K6E,,
p.S226F,,
p.F195S,,
p.E291K,,
p.I67V,,
p.A121P,,
p.L139V,,
p.G156V,,
p.E99K,,
p.P38R,,
p.V166G,,
p.L152Q,,
p.F90L,,
p.E7Q,,
p.L146V,,
p.R189K,,
p.C136F,,
p.A72V,,
p.W111S,,
p.L108H,,
p.A3D,,
p.L70F,,
p.H93Q,,
p.L70H,,
p.A34T,,
p.Y225D,,
p.L70P,,
p.V45A,,
p.D107H,,
p.D252Y,,
p.L152R,,
p.D268E,,
p.Y46D,,
p.F81C,,
p.R159C,,
p.S113T,,
p.E91Q,,
p.H185D,,
p.G230R,,
p.M264I,,
p.R11K,,
p.Y174D,,
p.R47S,,
p.K125T,,
p.D153Y,,
p.H123D,,
p.A151D,,
p.Y27N,,
p.V255I,,
p.N48I,,
p.T348R,,
p.H118D,,
p.N63Y,,
p.I303N,,
p.L140F,,
p.S227F,,
p.C71S,,
p.P96T,,
p.T160S,,
p.L152V,,
p.Y138D,,
p.I122M,,
p.K128M,,
p.C304F,,
p.D331G,,
p.G165V,,
p.T167S,,
p.N48Y,,
p.L265Q,,
p.D162N,,
p.V275A,,
p.A148S,,
p.L345Q,,
p.T167A,,
p.Y138S,,
p.R14S,,
p.H185Y,,
p.R161S,,
p.Q97R,,
p.G132R,,
p.D187Y,,
p.H118L,,
p.Y16D,,
p.D109Y,,
p.M134R,,
p.C124R,,
p.Q245P,,
p.I5S,,
p.R161K,,
p.S226A,,
p.P357Q,,
p.P246R,,
p.E284K,,
p.V275L,,
p.R41K,,
p.T382S,,
p.K263N,,
p.P357L,,
p.P204R,,
p.P96A,,
p.I33S,,
p.D252E,,
p.E388Q,,
p.T348I,,
p.A121E,,
p.N94I,,
p.R14M,,
p.V53G,,
p.L345M,,
p.V217A,,
p.M205I,,
p.I28T,,
p.P204T,,
p.Y27D,,
p.E256K,,
p.D109H,,
p.T160A,,
p.I101M,,
p.P244R,,
p.I168F,,
p.A86P,,
p.R55W,,
p.H61L,,
p.C304G,,
p.R14G,,
p.V54L,,
p.K62I,,
p.A137T,,
p.H141N,,
p.L98P,,
p.I135K,,
p.S10C,,
p.N82T,,
p.F154V,,
p.R335P,,
p.N49T,,
p.P204Q,,
p.M35K,,
p.R173L,,
p.N276K,,
p.C124W,,
p.E201V,,
p.S287L,,
p.D326H,,
p.R335G,,
p.E73K,,
p.D162V,,
p.R233Q,,
p.F200C,,
p.R142G,,
p.K62T,,
p.V175A,,
p.T286I,,
p.E299V,,
p.G209L,,
p.Y27H,,
p.R15G,,
p.Y225C,,
p.K144I,,
p.F279S,,
p.A79S,,
p.K330N,,
p.L325H,,
p.E150D,,
p.N31H,,
p.I67L,,
p.H123N,,
p.G129A,,
p.D326Y,,
p.F154C,,
p.D268Y,,
p.E291Q,,
p.G156E,,
p.L181P,,
p.S10R,,
p.P246L,,
p.A120T,,
p.G282R,,
p.D310N,,
p.I28N,,
p.I32S,,
p.E73V,,
p.T78N,,
p.F81L,,
p.F215L,,
p.D162Y,,
p.E157K,,
p.I67R,,
p.Y176F,,
p.L181Q,,
p.R55M,,
p.H259R,,
p.H272Q,,
p.K144Q,,
p.P95Q,,
p.Y155S,,
p.G127A,,
p.F337I,,
p.F90S,,
p.N262I,,
p.G209E,,
p.E201Q,,
p.F271L,,
p.A333T,,
p.Y177D,,
p.C105R,,
p.F271S,,
p.E235G,,
p.F145C,,
p.G132A,,
p.K221R,,
p.Q17P,,
p.P30S,,
p.C124F,,
p.F258L,,
p.V85F,,
p.N323K,,
p.P213R,,
p.V275G,,
p.F258Y,,
p.R55S,,
p.R161I,,
p.D19E,,
p.D153E,,
p.P89T,,
p.K62R,,
p.Y315H,,
p.P169S,,
p.P354L,,
p.L181R,,
p.V217F,,
p.S338Y,,
p.V255G,,
p.V369G,,
p.R130S,,
p.C250Y,,
p.E388K,,
p.P169L,,
p.I5T,,
p.E256Q,,
p.A39P,,
p.H123L,,
p.Y188S,,
p.V53A,,
p.G208V,,
p.A34S,,
p.N69I,,
p.T167P,,
p.N63H,,
p.P213H,,
p.E394K,,
p.K66T,,
p.A151G,,
p.S10N,,
p.N69T,,
p.K164R,,
p.I8V,,
p.F21S,,
p.A86V,,
p.M205V,,
